,track_name,artist,duration_ms,album,release_date,popularity,associated_kpop_group,spotify_track_id,artist_id,artist_followers,artist_popularity,artist_genres,company,big4,gender,user_playlist_count,which_user_playlists,track_treatment,days_since_release,coded_gender
0,My Universe,Coldplay,226198,Music Of The Spheres,2021-10-15,79,BTS,46HNZY1i7O6jwTA7Slo2PI,3Nrfpe0tUJi4K4DXYWgMUX,80103753,90,k-pop,Big Hit Music,1,M,0,,0,1387,0
1,Dynamite,BTS,199053,BE,2020-11-20,81,BTS,5QDLhrAOJJdNAmCTJ8xMyW,3Nrfpe0tUJi4K4DXYWgMUX,80103753,90,k-pop,Big Hit Music,1,M,0,,0,1716,0
2,FAKE LOVE,BTS,242333,Love Yourself 轉 'Tear',2018-05-18,80,BTS,6m1TWFMeon7ai9XLOzdbiR,3Nrfpe0tUJi4K4DXYWgMUX,80103753,90,k-pop,Big Hit Music,1,M,0,,0,2633,0
3,Permission to Dance - Live,BTS,279286,PERMISSION TO DANCE ON STAGE - LIVE,2025-07-18,82,BTS,4UAnQaQTSMjKjHkqjKwEYx,3Nrfpe0tUJi4K4DXYWgMUX,80103753,90,k-pop,Big Hit Music,1,M,0,,0,15,0
4,Boy With Luv (feat. Halsey),BTS,229773,MAP OF THE SOUL : PERSONA,2019-04-12,79,BTS,4a9tbd947vo9K8Vti9JwcI,3Nrfpe0tUJi4K4DXYWgMUX,80103753,90,k-pop,Big Hit Music,1,M,1,5YZ5U9DAUd71CIwj55A49D,1,2304,0
5,Left and Right (Feat. Jung Kook of BTS),Charlie Puth,154486,CHARLIE,2022-10-06,75,BTS,0mBP9X2gPCuapvpZ7TGDk3,6HaGTQPmzraVmaVxvz6EUc,18077404,84,k-pop,Big Hit Music,1,M,0,,0,1031,0
6,Butter,BTS,164952,Proof,2022-06-10,77,BTS,6jjYDGxVJsWS0a5wlVF5vS,3Nrfpe0tUJi4K4DXYWgMUX,80103753,90,k-pop,Big Hit Music,1,M,0,,0,1149,0
7,Run BTS,BTS,204939,Proof,2022-06-10,78,BTS,69xohKu8C1fsflYAiSNbwM,3Nrfpe0tUJi4K4DXYWgMUX,80103753,90,k-pop,Big Hit Music,1,M,0,,0,1149,0
8,Life Goes On,BTS,207481,BE,2020-11-20,77,BTS,5FVbvttjEvQ8r2BgUcJgNg,3Nrfpe0tUJi4K4DXYWgMUX,80103753,90,k-pop,Big Hit Music,1,M,0,,0,1716,0
9,DNA,BTS,223122,Love Yourself 承 'Her',2017-09-18,75,BTS,3uRLwBjI2TahxslcMTvpFs,3Nrfpe0tUJi4K4DXYWgMUX,80103753,90,k-pop,Big Hit Music,1,M,0,,0,2875,0
10,JUMP,BLACKPINK,164718,JUMP,2025-07-11,96,BLACKPINK,5H1sKFMzDeMtXwND3V6hRY,41MozSoPIsD1dJM0CLPjZF,54778545,87,k-pop,YG Entertainment,1,F,1,2EoheVFjqIxgJMb8VnDRtZ,1,22,1
11,Pink Venom,BLACKPINK,186964,BORN PINK,2022-09-15,78,BLACKPINK,5zwwW9Oq7ubSxoCGyW1nbY,41MozSoPIsD1dJM0CLPjZF,54778545,87,k-pop,YG Entertainment,1,F,2,"6fQ3H7MipHCbzVazbPyHhQ,5EPJPyctDDc1omacvILCsu",1,1052,1
12,Shut Down,BLACKPINK,175889,BORN PINK,2022-09-15,76,BLACKPINK,7gRFDGEzF9UkBV233yv2dc,41MozSoPIsD1dJM0CLPjZF,54778545,87,k-pop,YG Entertainment,1,F,1,6fQ3H7MipHCbzVazbPyHhQ,1,1052,1
13,Kill This Love,BLACKPINK,191050,KILL THIS LOVE,2019-04-05,78,BLACKPINK,6hvczQ05jc1yGlp9zhb95V,41MozSoPIsD1dJM0CLPjZF,54778545,87,k-pop,YG Entertainment,1,F,1,6fQ3H7MipHCbzVazbPyHhQ,1,2311,1
14,How You Like That,BLACKPINK,182956,THE ALBUM,2020-10-02,78,BLACKPINK,4SFknyjLcyTLJFPKD2m96o,41MozSoPIsD1dJM0CLPjZF,54778545,87,k-pop,YG Entertainment,1,F,3,"6fQ3H7MipHCbzVazbPyHhQ,5EPJPyctDDc1omacvILCsu,0QQ54WssFuO3tiOBLU1xRw",1,1765,1
15,As If It's Your Last,BLACKPINK,213264,As If It's Your Last,2017-06-22,79,BLACKPINK,4ZxOuNHhpyOj4gv52MtQpT,41MozSoPIsD1dJM0CLPjZF,54778545,87,k-pop,YG Entertainment,1,F,0,,0,2963,1
16,DDU-DU DDU-DU,BLACKPINK,211350,SQUARE UP,2018-06-15,76,BLACKPINK,4lQsB3ERTWSNaAN1IkuNRl,41MozSoPIsD1dJM0CLPjZF,54778545,87,k-pop,YG Entertainment,1,F,3,"6fQ3H7MipHCbzVazbPyHhQ,5EPJPyctDDc1omacvILCsu,0QQ54WssFuO3tiOBLU1xRw",1,2605,1
17,BOOMBAYAH,BLACKPINK,240793,SQUARE ONE,2016-08-08,79,BLACKPINK,13MF2TYuyfITClL1R2ei6e,41MozSoPIsD1dJM0CLPjZF,54778545,87,k-pop,YG Entertainment,1,F,3,"4DO9jHccZGtGKAMmFNsIir,6fQ3H7MipHCbzVazbPyHhQ,5EPJPyctDDc1omacvILCsu",1,3281,1
18,Lovesick Girls,BLACKPINK,194765,THE ALBUM,2020-10-02,75,BLACKPINK,4Ws314Ylb27BVsvlZOy30C,41MozSoPIsD1dJM0CLPjZF,54778545,87,k-pop,YG Entertainment,1,F,0,,0,1765,1
19,Pretty Savage,BLACKPINK,201122,THE ALBUM,2020-10-02,75,BLACKPINK,1XnpzbOGptRwfJhZgLbmSr,41MozSoPIsD1dJM0CLPjZF,54778545,87,k-pop,YG Entertainment,1,F,1,6fQ3H7MipHCbzVazbPyHhQ,1,1765,1
20,THUNDER,SEVENTEEN,164040,SEVENTEEN 5th Album 'HAPPY BURSTDAY',2025-05-26,82,SEVENTEEN,0qkYuCno3SoU8vxkCdx0iJ,7nqOGRxlXj7N2JYbgNEjYH,13440876,82,k-pop,Pledis Entertainment,1,M,2,"2EoheVFjqIxgJMb8VnDRtZ,6fR4NjMNIcnqQDcPfAM5IA",1,68,0
21,"LOVE, MONEY, FAME (feat. DJ Khaled)",SEVENTEEN,186386,"LOVE, MONEY, FAME (feat. DJ Khaled) (Timbaland Remix)",2024-11-01,66,SEVENTEEN,145tqlcE6YFsjNfxi9K3AE,7nqOGRxlXj7N2JYbgNEjYH,13440876,82,k-pop,Pledis Entertainment,1,M,0,,0,274,0
22,Super,SEVENTEEN,200386,SEVENTEEN BEST ALBUM '17 IS RIGHT HERE',2024-04-29,69,SEVENTEEN,3ZpfXyQgcqdSA1TGNc7Ret,7nqOGRxlXj7N2JYbgNEjYH,13440876,82,k-pop,Pledis Entertainment,1,M,0,,0,460,0
23,HOT,SEVENTEEN,197586,SEVENTEEN 4th Album 'Face the Sun',2022-05-27,72,SEVENTEEN,6I2tqFhk8tq69iursYxuxd,7nqOGRxlXj7N2JYbgNEjYH,13440876,82,k-pop,Pledis Entertainment,1,M,0,,0,1163,0
24,Rock with you,SEVENTEEN,180360,SEVENTEEN 9th Mini Album 'Attacca',2021-10-22,70,SEVENTEEN,6LnEoRQKMcaFTR5UvaKuBy,7nqOGRxlXj7N2JYbgNEjYH,13440876,82,k-pop,Pledis Entertainment,1,M,0,,0,1380,0
25,VERY NICE,SEVENTEEN,192092,Love&Letter repackage album,2016-07-04,70,SEVENTEEN,1Rrj7KyS2R6SP9CQMDJW1w,7nqOGRxlXj7N2JYbgNEjYH,13440876,82,k-pop,Pledis Entertainment,1,M,0,,0,3316,0
26,MAESTRO,SEVENTEEN,198906,SEVENTEEN BEST ALBUM '17 IS RIGHT HERE',2024-04-29,69,SEVENTEEN,2UE9XGbAzicJIyo4bB6sqM,7nqOGRxlXj7N2JYbgNEjYH,13440876,82,k-pop,Pledis Entertainment,1,M,0,,0,460,0
27,Bad Influence (Prod. by Pharrell Williams),SEVENTEEN,167013,SEVENTEEN 5th Album 'HAPPY BURSTDAY',2025-05-26,70,SEVENTEEN,6uJlw4VHZulMvz6s3J2bO2,7nqOGRxlXj7N2JYbgNEjYH,13440876,82,k-pop,Pledis Entertainment,1,M,0,,0,68,0
28,HBD,SEVENTEEN,155213,SEVENTEEN 5th Album 'HAPPY BURSTDAY',2025-05-26,69,SEVENTEEN,0PvRQaGO5lkS7uqdsOHdvI,7nqOGRxlXj7N2JYbgNEjYH,13440876,82,k-pop,Pledis Entertainment,1,M,0,,0,68,0
29,Love Is Gone (with JOSHUA of SEVENTEEN),SLANDER,178285,Love Is Gone (with JOSHUA of SEVENTEEN),2025-07-25,69,SEVENTEEN,4FTcJ9B6S2QXObqRr9UG8U,20DZAfCuP1TKZl5KcY7z3Q,578309,68,"melodic bass, edm, future bass, dubstep",Pledis Entertainment,1,M,0,,0,8,0
30,Chk Chk Boom,Stray Kids,148051,ATE,2024-07-19,82,Stray Kids,09keT5ocFhEd5W5HidiUNq,2dIgFjalVxs4ThymZ67YCE,19852655,87,"k-pop, noise music",JYP Entertainment,1,F,0,,0,379,1
31,Hollow,Stray Kids,209226,Hollow,2025-06-11,80,Stray Kids,5K1thEZHOgjE89mxwA01T9,2dIgFjalVxs4ThymZ67YCE,19852655,87,"k-pop, noise music",JYP Entertainment,1,F,1,6fR4NjMNIcnqQDcPfAM5IA,1,52,1
32,LALALALA,Stray Kids,182224,ROCK-STAR,2023-11-10,79,Stray Kids,1OG1NoKpZZLrMqMYCk9m84,2dIgFjalVxs4ThymZ67YCE,19852655,87,"k-pop, noise music",JYP Entertainment,1,F,0,,0,631,1
33,God’s Menu,Stray Kids,167922,GO LIVE,2020-06-17,78,Stray Kids,4XPXrcpyNr30Km6aPiflJy,2dIgFjalVxs4ThymZ67YCE,19852655,87,"k-pop, noise music",JYP Entertainment,1,F,1,4DO9jHccZGtGKAMmFNsIir,1,1872,1
34,MANIAC,Stray Kids,182757,ODDINARY,2022-03-18,78,Stray Kids,63irPUP3xB74fHdw1Aw9zR,2dIgFjalVxs4ThymZ67YCE,19852655,87,"k-pop, noise music",JYP Entertainment,1,F,0,,0,1233,1
35,S-Class,Stray Kids,195688,5-STAR,2023-06-02,77,Stray Kids,3gTQwwDNJ42CCLo3Sf4JDd,2dIgFjalVxs4ThymZ67YCE,19852655,87,"k-pop, noise music",JYP Entertainment,1,F,0,,0,792,1
36,I Like It,Stray Kids,148632,ATE,2024-07-19,77,Stray Kids,04A4WyCRyHQ8Nb3u3IsfzH,2dIgFjalVxs4ThymZ67YCE,19852655,87,"k-pop, noise music",JYP Entertainment,1,F,0,,0,379,1
37,Walkin On Water,Stray Kids,148810,HOP,2024-12-13,76,Stray Kids,5emQyqYHyUOcuS3nsuC0sm,2dIgFjalVxs4ThymZ67YCE,19852655,87,"k-pop, noise music",JYP Entertainment,1,F,0,,0,232,1
38,Come Play (from the series Arcane League of Legends),Stray Kids,161666,Come Play (from the series Arcane League of Legends),2024-10-16,75,Stray Kids,2K7g8dvwkIGgPEYKivmatN,2dIgFjalVxs4ThymZ67YCE,19852655,87,"k-pop, noise music",JYP Entertainment,1,F,0,,0,290,1
39,MEGAVERSE,Stray Kids,185520,ROCK-STAR,2023-11-10,75,Stray Kids,5Q1tv4GTxP3IJeGMOKdrFO,2dIgFjalVxs4ThymZ67YCE,19852655,87,"k-pop, noise music",JYP Entertainment,1,F,0,,0,631,1
40,Fact Check,NCT 127,184653,Fact Check - The 5th Album,2023-10-05,65,NCT 127,2nNBdv2vcJZuWOZ06nNF62,7f4ignuCJhLXfZ9giKT7rH,7687927,68,"k-pop, noise music",SM Entertainment,1,M,0,,0,667,0
41,Kick It,NCT 127,233013,NCT #127 Neo Zone - The 2nd Album,2020-03-05,61,NCT 127,3ZtATjifj77MvRJbJQYJIt,7f4ignuCJhLXfZ9giKT7rH,7687927,68,"k-pop, noise music",SM Entertainment,1,M,0,,0,1976,0
42,Walk,NCT 127,191826,WALK - The 6th Album,2024-07-14,60,NCT 127,5ThXW5oGbAfQU2QTPicMd9,7f4ignuCJhLXfZ9giKT7rH,7687927,68,"k-pop, noise music",SM Entertainment,1,M,0,,0,384,0
43,Cherry Bomb,NCT 127,236667,NCT #127 CHERRY BOMB - The 3rd Mini Album,2017-06-14,63,NCT 127,3o8QzWsiiqTUVgBZfHgF58,7f4ignuCJhLXfZ9giKT7rH,7687927,68,"k-pop, noise music",SM Entertainment,1,M,0,,0,2971,0
44,2 Baddies,NCT 127,230293,2 Baddies - The 4th Album,2022-09-15,58,NCT 127,1OXO0Onox9F26Pp732HnsI,7f4ignuCJhLXfZ9giKT7rH,7687927,68,"k-pop, noise music",SM Entertainment,1,M,0,,0,1052,0
45,Favorite (Vampire),NCT 127,215586,Favorite - The 3rd Album Repackage,2021-10-24,56,NCT 127,6412NtV3XH9z7XrrxBkopc,7f4ignuCJhLXfZ9giKT7rH,7687927,68,"k-pop, noise music",SM Entertainment,1,M,0,,0,1378,0
46,Sticker,NCT 127,227773,Sticker - The 3rd Album,2021-09-16,56,NCT 127,48CZ9AqqrDIGHDdCyGrZ39,7f4ignuCJhLXfZ9giKT7rH,7687927,68,"k-pop, noise music",SM Entertainment,1,M,0,,0,1416,0
47,Whiplash,NCT 127,201658,NCT #127 CHERRY BOMB - The 3rd Mini Album,2017-06-14,58,NCT 127,2iPxDFeN27VrKgGdZ0AIKw,7f4ignuCJhLXfZ9giKT7rH,7687927,68,"k-pop, noise music",SM Entertainment,1,M,0,,0,2971,0
48,Regular - English Version,NCT 127,219106,NCT #127 Regular-Irregular - The 1st Album,2018-10-12,57,NCT 127,4KqPuyZdcjXuRqXSARnt6r,7f4ignuCJhLXfZ9giKT7rH,7687927,68,"k-pop, noise music",SM Entertainment,1,M,0,,0,2486,0
49,Lemonade,NCT 127,190066,Sticker - The 3rd Album,2021-09-16,51,NCT 127,1j3WkiX4n6xAAPqZnwpwL5,7f4ignuCJhLXfZ9giKT7rH,7687927,68,"k-pop, noise music",SM Entertainment,1,M,0,,0,1416,0
50,CHILLER,NCT DREAM,184026,Go Back To The Future,2025-07-14,85,NCT DREAM,0PNOA20FfXz8c1KVaon1ei,1gBUSTR3TyDdTVFIaQnc02,8214387,77,"k-pop, noise music",SM Entertainment,1,M,0,,0,19,0
51,BTTF,NCT DREAM,180000,Go Back To The Future,2025-07-14,76,NCT DREAM,4gkiXKGyp4PnHnOO70q8bK,1gBUSTR3TyDdTVFIaQnc02,8214387,77,"k-pop, noise music",SM Entertainment,1,M,0,,0,19,0
52,When I'm With You,NCT DREAM,211400,DREAMSCAPE,2024-11-11,54,NCT DREAM,2wzhZgSDjWgwB618a6eeua,1gBUSTR3TyDdTVFIaQnc02,8214387,77,"k-pop, noise music",SM Entertainment,1,M,0,,0,264,0
53,I LIKE IT,NCT DREAM,185000,Go Back To The Future,2025-07-14,67,NCT DREAM,4Q45ZkvAP0KWF7exMcMcQr,1gBUSTR3TyDdTVFIaQnc02,8214387,77,"k-pop, noise music",SM Entertainment,1,M,0,,0,19,0
54,DREAM TEAM,NCT DREAM,163013,Go Back To The Future,2025-07-14,67,NCT DREAM,6UehBZzd8bNCgRdx5F1pdF,1gBUSTR3TyDdTVFIaQnc02,8214387,77,"k-pop, noise music",SM Entertainment,1,M,0,,0,19,0
55,Candy,NCT DREAM,217066,Candy - Winter Special Mini Album,2022-12-16,66,NCT DREAM,27bIik73QCu8Xzt3xpG1bI,1gBUSTR3TyDdTVFIaQnc02,8214387,77,"k-pop, noise music",SM Entertainment,1,M,0,,0,960,0
56,’Bout You,NCT DREAM,188026,Go Back To The Future,2025-07-14,66,NCT DREAM,1FVr8J6OKHx4WddMm4CFtY,1gBUSTR3TyDdTVFIaQnc02,8214387,77,"k-pop, noise music",SM Entertainment,1,M,0,,0,19,0
57,Don’t Need Your Love,NCT DREAM,201880,Don’t Need Your Love,2019-06-06,66,NCT DREAM,7oEm5Q1virEUB9H0XjWZzF,1gBUSTR3TyDdTVFIaQnc02,8214387,77,"k-pop, noise music",SM Entertainment,1,M,0,,0,2249,0
58,BOOM,NCT DREAM,195080,We Boom - The 3rd Mini Album,2019-07-26,66,NCT DREAM,6rcn967QN5JtkPOBDwYIuT,1gBUSTR3TyDdTVFIaQnc02,8214387,77,"k-pop, noise music",SM Entertainment,1,M,0,,0,2199,0
59,Broken Melodies,NCT DREAM,226160,ISTJ - The 3rd Album,2023-07-16,54,NCT DREAM,1zx9zBldr8zbLNPNwoWYJh,1gBUSTR3TyDdTVFIaQnc02,8214387,77,"k-pop, noise music",SM Entertainment,1,M,0,,0,748,0
60,Bad Desire (With or Without You),ENHYPEN,141885,DESIRE : UNLEASH,2025-06-05,82,ENHYPEN,38pEX03GFZ0PfFDaOrpKOM,5t5FqBwTcgKTaWmfEbwQY9,12318473,84,k-pop,Belift Lab,1,M,2,"2EoheVFjqIxgJMb8VnDRtZ,6fR4NjMNIcnqQDcPfAM5IA",1,58,0
61,Bite Me,ENHYPEN,157531,DARK BLOOD,2023-05-22,80,ENHYPEN,7mpdNiaQvygj2rHoxkzMfa,5t5FqBwTcgKTaWmfEbwQY9,12318473,84,k-pop,Belift Lab,1,M,0,,0,803,0
62,XO (Only If You Say Yes),ENHYPEN,188332,ROMANCE : UNTOLD,2024-07-12,77,ENHYPEN,3RkSwrsIadAvqVtMp5yhaB,5t5FqBwTcgKTaWmfEbwQY9,12318473,84,k-pop,Belift Lab,1,M,0,,0,386,0
63,Bad Desire (With or Without You) (English Ver.),ENHYPEN,141885,DESIRE : UNLEASH,2025-06-05,77,ENHYPEN,4N8IFzGERNBWoQyzYVYEoJ,5t5FqBwTcgKTaWmfEbwQY9,12318473,84,k-pop,Belift Lab,1,M,0,,0,58,0
64,Drunk-Dazed,ENHYPEN,193260,BORDER : CARNIVAL,2021-04-26,77,ENHYPEN,1wcr8DjnN59Awev8nnKpQ4,5t5FqBwTcgKTaWmfEbwQY9,12318473,84,k-pop,Belift Lab,1,M,0,,0,1559,0
65,Outside,ENHYPEN,121002,DESIRE : UNLEASH,2025-06-05,77,ENHYPEN,0IXWLMBZeK33mOb044Sxu6,5t5FqBwTcgKTaWmfEbwQY9,12318473,84,k-pop,Belift Lab,1,M,0,,0,58,0
66,No Doubt,ENHYPEN,167219,ROMANCE : UNTOLD -daydream-,2024-11-11,77,ENHYPEN,44hqFxUWsADWewEJELnncj,5t5FqBwTcgKTaWmfEbwQY9,12318473,84,k-pop,Belift Lab,1,M,0,,0,264,0
67,Moonstruck,ENHYPEN,158660,ROMANCE : UNTOLD,2024-07-12,76,ENHYPEN,3gYWGRS64XrGSrjD3vvtga,5t5FqBwTcgKTaWmfEbwQY9,12318473,84,k-pop,Belift Lab,1,M,0,,0,386,0
68,Loose,ENHYPEN,210925,DESIRE : UNLEASH,2025-06-05,71,ENHYPEN,2tqj80s8UMqFrhMAdxLuh6,5t5FqBwTcgKTaWmfEbwQY9,12318473,84,k-pop,Belift Lab,1,M,0,,0,58,0
69,FEVER,ENHYPEN,172106,BORDER : CARNIVAL,2021-04-26,75,ENHYPEN,0UzymivvUH5s8z4PeWZJaK,5t5FqBwTcgKTaWmfEbwQY9,12318473,84,k-pop,Belift Lab,1,M,0,,0,1559,0
70,Beautiful Strangers,TOMORROW X TOGETHER,138108,The Star Chapter: TOGETHER,2025-07-21,84,TOMORROW X TOGETHER,6IYvOX6K6tbBmj00JRU5Rw,0ghlgldX5Dd6720Q3qFyQB,11690744,83,k-pop,Big Hit Music,1,M,1,2EoheVFjqIxgJMb8VnDRtZ,1,12,0
71,Love Language,TOMORROW X TOGETHER,177514,Love Language,2025-05-02,80,TOMORROW X TOGETHER,3wBeIjb0vtiTwIQPce2stZ,0ghlgldX5Dd6720Q3qFyQB,11690744,83,k-pop,Big Hit Music,1,M,1,04epSfDZqn52wtYrdDQLFm,1,92,0
72,Ghost Girl,TOMORROW X TOGETHER,186601,The Star Chapter: TOGETHER,2025-07-21,79,TOMORROW X TOGETHER,5voKDnuTGXBnIZbAqWnb8R,0ghlgldX5Dd6720Q3qFyQB,11690744,83,k-pop,Big Hit Music,1,M,0,,0,12,0
73,butterflies (feat. TAEHYUN & Kim Chaewon of LE SSERAFIM),JVKE,164466,butterflies (feat. TAEHYUN of TOMORROW X TOGETHER & Kim Chaewon of LE SSERAFIM),2025-07-10,78,TOMORROW X TOGETHER,0VdikQbDdOqxdWQyYsLmne,0ghlgldX5Dd6720Q3qFyQB,11690744,83,k-pop,Big Hit Music,1,M,0,,0,23,0
74,Upside Down Kiss,TOMORROW X TOGETHER,135331,The Star Chapter: TOGETHER,2025-07-21,76,TOMORROW X TOGETHER,6bp3UWuLklGIK8VgkRUKkP,0ghlgldX5Dd6720Q3qFyQB,11690744,83,k-pop,Big Hit Music,1,M,0,,0,12,0
75,Sunday Driver,TOMORROW X TOGETHER,167235,The Star Chapter: TOGETHER,2025-07-21,76,TOMORROW X TOGETHER,4QfHWIOU5nh4yBdYSnt1AE,0ghlgldX5Dd6720Q3qFyQB,11690744,83,k-pop,Big Hit Music,1,M,0,,0,12,0
76,Take My Half,TOMORROW X TOGETHER,176076,The Star Chapter: TOGETHER,2025-07-21,76,TOMORROW X TOGETHER,13tz8REkfaAuQrmKQwbToR,0ghlgldX5Dd6720Q3qFyQB,11690744,83,k-pop,Big Hit Music,1,M,0,,0,12,0
77,Over The Moon,TOMORROW X TOGETHER,157149,The Star Chapter: SANCTUARY (Expanded Edition),2024-11-08,70,TOMORROW X TOGETHER,6ZpoRaO2cfXR1dti2N4TLs,0ghlgldX5Dd6720Q3qFyQB,11690744,83,k-pop,Big Hit Music,1,M,0,,0,267,0
78,Song of the Stars,TOMORROW X TOGETHER,206185,The Star Chapter: TOGETHER,2025-07-21,75,TOMORROW X TOGETHER,1Kv0G4eKjJ4ysGRXlHvQCm,0ghlgldX5Dd6720Q3qFyQB,11690744,83,k-pop,Big Hit Music,1,M,0,,0,12,0
79,Dance With You,TOMORROW X TOGETHER,140822,The Star Chapter: TOGETHER,2025-07-21,74,TOMORROW X TOGETHER,7a9q19sVTEAq0SzgUZvbSy,0ghlgldX5Dd6720Q3qFyQB,11690744,83,k-pop,Big Hit Music,1,M,0,,0,12,0
80,New Jeans,NewJeans,108986,NewJeans 'Super Shy',2023-07-07,80,NewJeans,6rdkCkjk6D12xRpdMXy0I2,6HvZYsbFfjnjFrWF950C9d,11062319,81,k-pop,ADOR,1,F,0,,0,757,1
81,Super Shy,NewJeans,154666,NewJeans 'Super Shy',2023-07-07,80,NewJeans,5sdQOyqq2IDhvmx2lHOpwd,6HvZYsbFfjnjFrWF950C9d,11062319,81,k-pop,ADOR,1,F,0,,0,757,1
82,Ditto,NewJeans,185506,Ditto,2022-12-19,80,NewJeans,3r8RuvgbX9s7ammBn07D3W,6HvZYsbFfjnjFrWF950C9d,11062319,81,k-pop,ADOR,1,F,1,05Z41s1GzWxXsE8FoaB8MX,1,957,1
83,OMG,NewJeans,212253,NewJeans 'OMG',2023-01-02,80,NewJeans,65FftemJ1DbbZ45DUfHJXE,6HvZYsbFfjnjFrWF950C9d,11062319,81,k-pop,ADOR,1,F,0,,0,943,1
84,Hype Boy,NewJeans,179026,NewJeans 1st EP 'New Jeans',2022-08-01,79,NewJeans,0a4MMyCrzT0En247IhqZbD,6HvZYsbFfjnjFrWF950C9d,11062319,81,k-pop,ADOR,1,F,0,,0,1097,1
85,ETA,NewJeans,151373,NewJeans 2nd EP 'Get Up',2023-07-21,78,NewJeans,56v8WEnGzLByGsDAXDiv4d,6HvZYsbFfjnjFrWF950C9d,11062319,81,k-pop,ADOR,1,F,0,,0,743,1
86,How Sweet,NewJeans,219026,How Sweet,2024-05-24,78,NewJeans,38tXZcL1gZRfbqfOG0VMTH,6HvZYsbFfjnjFrWF950C9d,11062319,81,k-pop,ADOR,1,F,0,,0,435,1
87,Attention,NewJeans,180066,NewJeans 1st EP 'New Jeans',2022-08-01,77,NewJeans,2pIUpMhHL6L9Z5lnKxJJr9,6HvZYsbFfjnjFrWF950C9d,11062319,81,k-pop,ADOR,1,F,0,,0,1097,1
88,Supernatural,NewJeans,191000,Supernatural,2024-06-21,77,NewJeans,5ocSQW5sIUIOFojwXEz9Ki,6HvZYsbFfjnjFrWF950C9d,11062319,81,k-pop,ADOR,1,F,0,,0,407,1
89,Bubble Gum,NewJeans,200266,How Sweet,2024-05-24,74,NewJeans,19D8LNpWwIPpi6hs9BG7dq,6HvZYsbFfjnjFrWF950C9d,11062319,81,k-pop,ADOR,1,F,0,,0,435,1
90,I AM,IVE,183853,I've IVE,2023-04-10,77,IVE,70t7Q6AYG6ZgTYmJWcnkUM,6RHTUrRF63xao58xh9FXYJ,5881382,75,k-pop,Starship Entertainment,0,F,1,5EPJPyctDDc1omacvILCsu,1,845,1
91,ATTITUDE,IVE,194733,IVE EMPATHY,2025-02-03,73,IVE,49oOgXKqm6xTavBtekzVHg,6RHTUrRF63xao58xh9FXYJ,5881382,75,k-pop,Starship Entertainment,0,F,0,,0,180,1
92,REBEL HEART,IVE,188266,REBEL HEART,2025-01-13,72,IVE,0qdPpfbrgdBs6ie9bTtQ1d,6RHTUrRF63xao58xh9FXYJ,5881382,75,k-pop,Starship Entertainment,0,F,0,,0,201,1
93,After LIKE,IVE,176973,After LIKE,2022-08-22,74,IVE,2gYj9lubBorOPIVWsTXugG,6RHTUrRF63xao58xh9FXYJ,5881382,75,k-pop,Starship Entertainment,0,F,0,,0,1076,1
94,LOVE DIVE,IVE,177186,LOVE DIVE,2022-04-05,73,IVE,0Q5VnK2DYzRyfqQRJuUtvi,6RHTUrRF63xao58xh9FXYJ,5881382,75,k-pop,Starship Entertainment,0,F,0,,0,1215,1
95,ELEVEN,IVE,178453,ELEVEN,2021-12-01,71,IVE,7n2FZQsaLb7ZRfRPfEeIvr,6RHTUrRF63xao58xh9FXYJ,5881382,75,k-pop,Starship Entertainment,0,F,0,,0,1340,1
96,Supernova Love,IVE,199504,Supernova Love,2024-11-08,69,IVE,5sTLGx6c7YRwnrWm6O091n,6RHTUrRF63xao58xh9FXYJ,5881382,75,k-pop,Starship Entertainment,0,F,0,,0,267,1
97,해야 (HEYA),IVE,189680,IVE SWITCH,2024-04-29,68,IVE,4gOwpU4kMZZNDWkoHYUj1Z,6RHTUrRF63xao58xh9FXYJ,5881382,75,k-pop,Starship Entertainment,0,F,0,,0,460,1
98,Kitsch,IVE,195440,I've IVE,2023-04-10,67,IVE,7foeH2Emgq8A3LWk3q6dat,6RHTUrRF63xao58xh9FXYJ,5881382,75,k-pop,Starship Entertainment,0,F,0,,0,845,1
99,Be Alright,IVE,171026,Be Alright,2025-07-16,68,IVE,0OnWu3G0i9Kg4Mqha5QvvH,6RHTUrRF63xao58xh9FXYJ,5881382,75,k-pop,Starship Entertainment,0,F,0,,0,17,1
100,Girls Will Be Girls,ITZY,168013,Girls Will Be Girls,2025-06-09,74,ITZY,373C7aTyGRJw7sVT4UG6Fh,2KC9Qb60EaY0kW4eH68vr3,8678270,72,k-pop,JYP Entertainment,1,F,2,"2EoheVFjqIxgJMb8VnDRtZ,05Z41s1GzWxXsE8FoaB8MX",1,54,1
101,WANNABE,ITZY,191242,IT'z ME,2020-03-09,70,ITZY,4pspYVQGFHLPEFgQPD1J7e,2KC9Qb60EaY0kW4eH68vr3,8678270,72,k-pop,JYP Entertainment,1,F,0,,0,1972,1
102,LOCO,ITZY,191462,CRAZY IN LOVE,2021-09-24,69,ITZY,56Yxkm62GtEpnPyG7TvwLY,2KC9Qb60EaY0kW4eH68vr3,8678270,72,k-pop,JYP Entertainment,1,F,0,,0,1408,1
103,DALLA DALLA,ITZY,199873,IT'z Different,2019-02-12,66,ITZY,38rUIlTX93Aoif3WcY1wv6,2KC9Qb60EaY0kW4eH68vr3,8678270,72,k-pop,JYP Entertainment,1,F,0,,0,2363,1
104,Not Shy,ITZY,177728,Not Shy,2020-08-17,67,ITZY,1ehags7lQMM1qX94VJkoaf,2KC9Qb60EaY0kW4eH68vr3,8678270,72,k-pop,JYP Entertainment,1,F,0,,0,1811,1
105,Imaginary Friend,ITZY,202429,GOLD,2024-10-15,64,ITZY,06BeeZaS4YArThfTMu80QS,2KC9Qb60EaY0kW4eH68vr3,8678270,72,k-pop,JYP Entertainment,1,F,2,"05Z41s1GzWxXsE8FoaB8MX,05Z41s1GzWxXsE8FoaB8MX",1,291,1
106,In the morning,ITZY,172373,GUESS WHO,2021-04-30,65,ITZY,1Wcr8zrKqbUX0zwN8Dbr16,2KC9Qb60EaY0kW4eH68vr3,8678270,72,k-pop,JYP Entertainment,1,F,0,,0,1555,1
107,Kiss & Tell,ITZY,166040,Girls Will Be Girls,2025-06-09,63,ITZY,4VdEbMZUwvUqTK9ezuRwcc,2KC9Qb60EaY0kW4eH68vr3,8678270,72,k-pop,JYP Entertainment,1,F,0,,0,54,1
108,UNTOUCHABLE,ITZY,194093,BORN TO BE,2024-01-08,63,ITZY,2HQALWSN6IF4BYrSADMJ0w,2KC9Qb60EaY0kW4eH68vr3,8678270,72,k-pop,JYP Entertainment,1,F,1,05Z41s1GzWxXsE8FoaB8MX,1,572,1
109,CAKE,ITZY,198887,KILL MY DOUBT,2023-07-31,62,ITZY,3syxwxJqX5jpgjNYmvzdW6,2KC9Qb60EaY0kW4eH68vr3,8678270,72,k-pop,JYP Entertainment,1,F,1,05Z41s1GzWxXsE8FoaB8MX,1,733,1
110,Queencard,i-dle,161240,I feel,2023-05-15,74,i-dle,3xtPQCHJQ3o70PeVAaZSG2,2AfmfGFbe0A0WsTYm0SDTx,10796451,75,k-pop,Cube Entertainment,0,F,0,,0,810,1
111,Good Thing,i-dle,154386,We are,2025-05-19,74,i-dle,6d8DgvFxp6lbdfOw9BVkLS,2AfmfGFbe0A0WsTYm0SDTx,10796451,75,k-pop,Cube Entertainment,0,F,2,"2EoheVFjqIxgJMb8VnDRtZ,04epSfDZqn52wtYrdDQLFm",1,75,1
112,POP/STARS,K/DA,191100,POP/STARS,2018-11-03,74,i-dle,5sbooPcNgIE22DwO0VNGUJ,2AfmfGFbe0A0WsTYm0SDTx,10796451,75,k-pop,Cube Entertainment,0,F,6,"4DO9jHccZGtGKAMmFNsIir,6fQ3H7MipHCbzVazbPyHhQ,5EPJPyctDDc1omacvILCsu,4TaZDRINJ2lgsFLHQ8Vplx,0QQ54WssFuO3tiOBLU1xRw,1a8TABtuIO69BgFdmY17Ht",1,2464,1
113,TOMBOY,i-dle,174386,I NEVER DIE,2022-03-14,71,i-dle,5L7MoCA875qqRJoKnGCxkE,2AfmfGFbe0A0WsTYm0SDTx,10796451,75,k-pop,Cube Entertainment,0,F,2,"6fQ3H7MipHCbzVazbPyHhQ,5EPJPyctDDc1omacvILCsu",1,1237,1
114,Nxde,i-dle,178453,I love,2022-10-17,71,i-dle,7N1X5WzBTCoDh4ocuPlZUC,2AfmfGFbe0A0WsTYm0SDTx,10796451,75,k-pop,Cube Entertainment,0,F,0,,0,1020,1
115,MORE,K/DA,217088,MORE,2020-10-28,70,i-dle,0UAB340gAcSMk3r0a8PTag,4AK6F7OLvEQ5QYCBNiQWHq,39951258,87,,Cube Entertainment,0,F,0,,0,1739,1
116,THE BADDEST,K/DA,162600,THE BADDEST,2020-08-27,68,i-dle,2V4Fx72svQRxrFvNT1eq5f,2AfmfGFbe0A0WsTYm0SDTx,10796451,75,k-pop,Cube Entertainment,0,F,2,"5EPJPyctDDc1omacvILCsu,4TaZDRINJ2lgsFLHQ8Vplx",1,1801,1
117,Super Lady,i-dle,152186,2,2024-01-29,66,i-dle,0uLcuydgTo4ErT6aQQayuw,2AfmfGFbe0A0WsTYm0SDTx,10796451,75,k-pop,Cube Entertainment,0,F,0,,0,551,1
118,Wife,i-dle,121226,2,2024-01-29,65,i-dle,326PEjfqveu646UhjHrth9,2AfmfGFbe0A0WsTYm0SDTx,10796451,75,k-pop,Cube Entertainment,0,F,0,,0,551,1
119,Fate,i-dle,161546,2,2024-01-29,64,i-dle,35EZ942OFUpbWWGm8TbE1D,2AfmfGFbe0A0WsTYm0SDTx,10796451,75,k-pop,Cube Entertainment,0,F,0,,0,551,1
120,In Your Fantasy,ATEEZ,192697,GOLDEN HOUR : Part.3 'In Your Fantasy Edition',2025-07-11,80,ATEEZ,3Z4BxvgOJ8KupcDIV3OV2f,68KmkJeZGfwe1OUaivBa2L,5067724,80,"k-pop, noise music",KQ Entertainment,0,M,1,2EoheVFjqIxgJMb8VnDRtZ,1,22,0
121,Lemon Drop,ATEEZ,179395,GOLDEN HOUR : Part.3 'In Your Fantasy Edition',2025-07-11,68,ATEEZ,2kpmBZqu52h6uCZXFTIXJK,68KmkJeZGfwe1OUaivBa2L,5067724,80,"k-pop, noise music",KQ Entertainment,0,M,1,2EoheVFjqIxgJMb8VnDRtZ,1,22,0
122,Ice On My Teeth,ATEEZ,183494,Ice On My Teeth (English Ver.),2024-12-06,67,ATEEZ,62eDE0RR8Sgh7yw8ZLeyAM,68KmkJeZGfwe1OUaivBa2L,5067724,80,"k-pop, noise music",KQ Entertainment,0,M,0,,0,239,0
123,BOUNCY (K-HOT CHILLI PEPPERS),ATEEZ,187310,THE WORLD EP.2 : OUTLAW,2023-06-16,73,ATEEZ,5KyOUICJIvO0z71MBdPGiX,68KmkJeZGfwe1OUaivBa2L,5067724,80,"k-pop, noise music",KQ Entertainment,0,M,1,4DO9jHccZGtGKAMmFNsIir,1,778,0
124,WORK,ATEEZ,172381,GOLDEN HOUR : Part.1,2024-05-31,72,ATEEZ,3VHD84tIdyxRTtRc167YSR,68KmkJeZGfwe1OUaivBa2L,5067724,80,"k-pop, noise music",KQ Entertainment,0,M,0,,0,428,0
125,Masterpiece,ATEEZ,160313,GOLDEN HOUR : Part.3 'In Your Fantasy Edition',2025-07-11,64,ATEEZ,710p7zlQ849JQiv7ItLNTc,68KmkJeZGfwe1OUaivBa2L,5067724,80,"k-pop, noise music",KQ Entertainment,0,M,0,,0,22,0
126,Crazy Form,ATEEZ,198365,THE WORLD EP.FIN : WILL,2023-12-01,70,ATEEZ,2KoeSRTm9cRulYnkaEyUaP,68KmkJeZGfwe1OUaivBa2L,5067724,80,"k-pop, noise music",KQ Entertainment,0,M,0,,0,610,0
127,NO1,ATEEZ,153328,GOLDEN HOUR : Part.3 'In Your Fantasy Edition',2025-07-11,69,ATEEZ,1r2UwOteaiw4uZrYp0nHFy,68KmkJeZGfwe1OUaivBa2L,5067724,80,"k-pop, noise music",KQ Entertainment,0,M,0,,0,22,0
128,Castle,ATEEZ,189043,GOLDEN HOUR : Part.3 'In Your Fantasy Edition',2025-07-11,62,ATEEZ,4fayKmQptcxAvra2lXqmIQ,68KmkJeZGfwe1OUaivBa2L,5067724,80,"k-pop, noise music",KQ Entertainment,0,M,0,,0,22,0
129,Now this house ain't a home,ATEEZ,225149,GOLDEN HOUR : Part.3 'In Your Fantasy Edition',2025-07-11,62,ATEEZ,7jrPmjTP4lf1xmozGRIAm5,68KmkJeZGfwe1OUaivBa2L,5067724,80,"k-pop, noise music",KQ Entertainment,0,M,0,,0,22,0
130,CRAZY,LE SSERAFIM,164554,CRAZY (Party Remixes 1),2024-09-02,80,LE SSERAFIM,3AoEQRuFf8zVXWqSLo2UOi,4SpbR6yFEvexJuaBpgAU5p,7458614,82,k-pop,Source Music,0,F,2,"6fQ3H7MipHCbzVazbPyHhQ,5EPJPyctDDc1omacvILCsu",1,334,1
131,HOT,LE SSERAFIM,143797,HOT (English ver.) (feat. JADE),2025-04-14,74,LE SSERAFIM,7vjfnsnDXZGK4PSq54ISjc,4SpbR6yFEvexJuaBpgAU5p,7458614,82,k-pop,Source Music,0,F,0,,0,110,1
132,ANTIFRAGILE,LE SSERAFIM,184444,UNFORGIVEN,2023-05-01,78,LE SSERAFIM,0bMoNdAnxNR0OuQbGDovrr,4SpbR6yFEvexJuaBpgAU5p,7458614,82,k-pop,Source Music,0,F,3,"0ImXHEnSOG41yw1N9n9rAP,6fQ3H7MipHCbzVazbPyHhQ,5EPJPyctDDc1omacvILCsu",1,824,1
133,Smart,LE SSERAFIM,166384,Smart (Remixes),2024-03-22,77,LE SSERAFIM,3lwK3WyKAI5bUuGY1OgGbZ,4SpbR6yFEvexJuaBpgAU5p,7458614,82,k-pop,Source Music,0,F,0,,0,498,1
135,Perfect Night,LE SSERAFIM,159080,Perfect Night,2023-10-27,78,LE SSERAFIM,74X2u8JMVooG2QbjRxXwR8,4SpbR6yFEvexJuaBpgAU5p,7458614,82,k-pop,Source Music,0,F,0,,0,645,1
136,DIFFERENT,LE SSERAFIM,141756,DIFFERENT,2025-06-08,76,LE SSERAFIM,0c6PVOqHNDuhH6uNfA13IX,4SpbR6yFEvexJuaBpgAU5p,7458614,82,k-pop,Source Music,0,F,0,,0,55,1
137,EASY,LE SSERAFIM,164545,EASY,2024-02-19,76,LE SSERAFIM,2O4Bb2WCkjlTPO827OnBMI,4SpbR6yFEvexJuaBpgAU5p,7458614,82,k-pop,Source Music,0,F,0,,0,530,1
138,FEARLESS (2023 Ver.),LE SSERAFIM,168437,UNFORGIVEN,2023-05-01,74,LE SSERAFIM,4K8jDTlNhZWEdnzZVGRMtN,4SpbR6yFEvexJuaBpgAU5p,7458614,82,k-pop,Source Music,0,F,0,,0,824,1
139,Come Over,LE SSERAFIM,137178,Come Over (Remixes),2025-03-31,69,LE SSERAFIM,6efcMTYO2lJ0zcpQEPk8m1,4SpbR6yFEvexJuaBpgAU5p,7458614,82,k-pop,Source Music,0,F,0,,0,124,1
140,Psycho,Red Velvet,210560,‘The ReVe Festival’ Finale,2019-12-23,71,Red Velvet,3CYH422oy1cZNoo0GTG1TK,1z4g3DjTBBZKhvAroFlhOM,9573273,71,k-pop,SM Entertainment,1,F,0,,0,2049,1
141,러시안 룰렛 Russian Roulette,Red Velvet,211243,Russian Roulette - The 3rd Mini Album,2016-09-07,71,Red Velvet,5HiSc2ZCGn8L3cH3qSwzBT,1z4g3DjTBBZKhvAroFlhOM,9573273,71,k-pop,SM Entertainment,1,F,0,,0,3251,1
142,Cosmic,Red Velvet,225864,Cosmic,2024-08-01,67,Red Velvet,2H7euNHOF7uADN6dfsWoZa,1z4g3DjTBBZKhvAroFlhOM,9573273,71,k-pop,SM Entertainment,1,F,0,,0,366,1
143,Bad Boy,Red Velvet,210817,The Perfect Red Velvet - The 2nd Album Repackage,2018-01-29,70,Red Velvet,5GKwq4sO5ZHKuWaDmdwMQc,1z4g3DjTBBZKhvAroFlhOM,9573273,71,k-pop,SM Entertainment,1,F,0,,0,2742,1
144,Red Flavor,Red Velvet,191139,The Red Summer - Summer Mini Album,2017-07-09,67,Red Velvet,7nKQ5WAcjnG48knyLuo8gO,1z4g3DjTBBZKhvAroFlhOM,9573273,71,k-pop,SM Entertainment,1,F,0,,0,2946,1
145,Feel My Rhythm,Red Velvet,210253,‘The ReVe Festival 2022 - Feel My Rhythm’,2022-03-21,66,Red Velvet,2oBMZYteeO8DyXV9gDx6Za,1z4g3DjTBBZKhvAroFlhOM,9573273,71,k-pop,SM Entertainment,1,F,0,,0,1230,1
146,Peek-A-Boo,Red Velvet,189049,Perfect Velvet - The 2nd Album,2017-11-17,64,Red Velvet,42tFTth2jcF7iSo0RBjfJF,1z4g3DjTBBZKhvAroFlhOM,9573273,71,k-pop,SM Entertainment,1,F,0,,0,2815,1
147,Day 1,Red Velvet,206357,The Red - The 1st Album,2015-09-09,64,Red Velvet,74muMkVdMYoR65lhmdzy13,1z4g3DjTBBZKhvAroFlhOM,9573273,71,k-pop,SM Entertainment,1,F,0,,0,3615,1
148,Queendom,Red Velvet,181760,Queendom - The 6th Mini Album,2021-08-16,61,Red Velvet,6SpPr7K4YQ2wp8jU6uOTmQ,1z4g3DjTBBZKhvAroFlhOM,9573273,71,k-pop,SM Entertainment,1,F,0,,0,1447,1
149,In My Dreams,Red Velvet,204760,‘The ReVe Festival 2022 - Feel My Rhythm’,2022-03-21,60,Red Velvet,4ubg38wkWizzLsQwLuE6rM,1z4g3DjTBBZKhvAroFlhOM,9573273,71,k-pop,SM Entertainment,1,F,0,,0,1230,1
150,Love Shot,EXO,200306,LOVE SHOT– The 5th Album Repackage,2018-12-13,71,EXO,0yB4jrSwN0bFtFRDR5vyMj,3cjEqqelV9zb4BYE3qDQ4O,10122263,71,k-pop,SM Entertainment,1,M,0,,0,2424,0
151,LOVE ME RIGHT,EXO,205128,LOVE ME RIGHT - The 2nd Album Repackage,2015-06-03,67,EXO,1kFevEv3s7Gf6o5xSDR5DL,3cjEqqelV9zb4BYE3qDQ4O,10122263,71,k-pop,SM Entertainment,1,M,8,"06cTIQk4JSb6Ro3o8OULpe,4f549VZa2Q3e5IBRdk9MmD,5DURqVllezriVGArYh1cz5,1Pv8xc8H1VgoyWAyCthy8i,6botS8JH55Q0mkaOwY7y8A,1JWygzvLYVsKBufV81TINb,1CeVSPvP9ungTEhqiEoWiN,49vqtcPowd96WWkrgqHznw",1,3713,0
152,Monster,EXO,221341,EX'ACT,2016-06-09,67,EXO,7GbUWl6qLW1gdngbEV2WDJ,3cjEqqelV9zb4BYE3qDQ4O,10122263,71,k-pop,SM Entertainment,1,M,0,,0,3341,0
153,CALL ME BABY,EXO,211013,EXODUS - The 2nd Album,2015-03-30,67,EXO,6Rx0ORYPP3GH9rTvGS5Vy8,3cjEqqelV9zb4BYE3qDQ4O,10122263,71,k-pop,SM Entertainment,1,M,0,,0,3778,0
154,Growl,EXO,207053,The 1st Album 'XOXO' (Repackage),2013-08-05,67,EXO,4pi0Elz7B7cLfw37J3bYm9,3cjEqqelV9zb4BYE3qDQ4O,10122263,71,k-pop,SM Entertainment,1,M,0,,0,4380,0
155,Tempo,EXO,224482,DON’T MESS UP MY TEMPO – The 5th Album,2018-11-02,65,EXO,4EjUFjzi4ErWjklOA3Aslu,3cjEqqelV9zb4BYE3qDQ4O,10122263,71,k-pop,SM Entertainment,1,M,0,,0,2465,0
156,The Eve,EXO,176026,THE WAR - The 4th Album,2017-07-18,65,EXO,2ujA6F1cpk3m8lsPE5aKua,3cjEqqelV9zb4BYE3qDQ4O,10122263,71,k-pop,SM Entertainment,1,M,0,,0,2937,0
157,Ko Ko Bop,EXO,190422,THE WAR - The 4th Album,2017-07-18,64,EXO,5EzitieoPnjyKHAq0gfRMa,3cjEqqelV9zb4BYE3qDQ4O,10122263,71,k-pop,SM Entertainment,1,M,0,,0,2937,0
158,Lotto,EXO,189774,LOTTO - The 3rd Album Repackage,2016-08-18,63,EXO,6ukWoX4AHV76JdYVdKRPk8,3cjEqqelV9zb4BYE3qDQ4O,10122263,71,k-pop,SM Entertainment,1,M,0,,0,3271,0
159,The First Snow,EXO,207667,Miracles in December,2013-12-09,62,EXO,2VNpT9fRk1kyksT0S4coZR,3cjEqqelV9zb4BYE3qDQ4O,10122263,71,k-pop,SM Entertainment,1,M,0,,0,4254,0
160,Replay,SHINee,213826,The SHINee World - The First Album,2008-08-28,66,SHINee,1rp986nzkyAX1wFpxzbwlC,2hRQKC0gqlZGPrmUKbcchR,3277141,65,k-pop,SM Entertainment,1,M,0,,0,6183,0
161,Lucifer,SHINee,233986,Lucifer - The 2nd Album,2010-07-19,63,SHINee,7xAACq6jlGqXw4bNCTYcm6,2hRQKC0gqlZGPrmUKbcchR,3277141,65,k-pop,SM Entertainment,1,M,0,,0,5493,0
162,Ring Ding Dong,SHINee,233280,"2009, Year Of Us - The Third Mini Album",2009-10-19,62,SHINee,4vLqN0bIxIQjlet2mIMBnx,2hRQKC0gqlZGPrmUKbcchR,3277141,65,k-pop,SM Entertainment,1,M,0,,0,5766,0
163,Y Si Fuera Ella,SHINee,314866,The SHINee World - The First Album,2008-08-28,61,SHINee,17vGPoIBXnSEd31N4B3gSR,2hRQKC0gqlZGPrmUKbcchR,3277141,65,k-pop,SM Entertainment,1,M,0,,0,6183,0
164,Sherlock (Clue + Note),SHINee,239186,Sherlock - The 4th Mini Album,2012-03-21,61,SHINee,2sVtrcj32v3fR8mLjqWziv,2hRQKC0gqlZGPrmUKbcchR,3277141,65,k-pop,SM Entertainment,1,M,0,,0,4882,0
165,Poet | Artist,SHINee,204026,Poet | Artist,2025-05-25,61,SHINee,2cCoa7dwECGNlmLVV1Fgjf,2hRQKC0gqlZGPrmUKbcchR,3277141,65,k-pop,SM Entertainment,1,M,0,,0,69,0
166,Stand By Me,SHINee,247106,꽃보다 남자 (Original Television Soundtrack),2009-01-08,60,SHINee,4y6TpWQJjW5nVRn3wDs1qa,2hRQKC0gqlZGPrmUKbcchR,3277141,65,k-pop,SM Entertainment,1,M,0,,0,6050,0
167,View,SHINee,190821,Odd - The 4th Album,2015-05-18,59,SHINee,46E1ic6n099e76t5J1TbHn,2hRQKC0gqlZGPrmUKbcchR,3277141,65,k-pop,SM Entertainment,1,M,0,,0,3729,0
168,Don't Call Me,SHINee,220173,Don't Call Me - The 7th Album,2021-02-22,57,SHINee,462OPOKW0VMbvW9H7HIb0U,2hRQKC0gqlZGPrmUKbcchR,3277141,65,k-pop,SM Entertainment,1,M,0,,0,1622,0
169,HARD,SHINee,176720,HARD - The 8th Album,2023-06-26,53,SHINee,2VV1RIhTgeJ4PEMYz6TqDB,2hRQKC0gqlZGPrmUKbcchR,3277141,65,k-pop,SM Entertainment,1,M,0,,0,768,0
170,ASAP,STAYC,194080,STAYDOM,2021-04-08,64,STAYC,5BXr7hYZQOeRttkeWYTq5S,01XYiBYaoMJcNhPokrg0l0,2079770,63,k-pop,High Up Entertainment,0,F,0,,0,1577,1
171,I WANT IT,STAYC,184984,STAYC Special Single [I WANT IT],2025-07-23,63,STAYC,07aEbvZALVz1nczN2GO77T,01XYiBYaoMJcNhPokrg0l0,2079770,63,k-pop,High Up Entertainment,0,F,1,2EoheVFjqIxgJMb8VnDRtZ,1,10,1
172,BEBE - Japanese ver.,STAYC,179400,"Lover, Killer / BEBE (Japanese Ver.)",2025-06-04,48,STAYC,3gpncpAgIWAd8ytN8qJ1QY,01XYiBYaoMJcNhPokrg0l0,2079770,63,k-pop,High Up Entertainment,0,F,0,,0,59,1
173,STEREOTYPE,STAYC,191695,STEREOTYPE,2021-09-06,62,STAYC,2bZIDMpzVooosmPHn0tHnd,01XYiBYaoMJcNhPokrg0l0,2079770,63,k-pop,High Up Entertainment,0,F,0,,0,1426,1
174,RUN2U,STAYC,213426,YOUNG-LUV.COM,2022-02-21,61,STAYC,3gFcGnU4kTdMYLXDjH1TK8,01XYiBYaoMJcNhPokrg0l0,2079770,63,k-pop,High Up Entertainment,0,F,0,,0,1258,1
175,GPT,STAYC,188790,...l,2024-10-30,61,STAYC,36qXU2yyq1JtGp05omV7bu,01XYiBYaoMJcNhPokrg0l0,2079770,63,k-pop,High Up Entertainment,0,F,0,,0,276,1
176,SO BAD,STAYC,212264,Star To A Young Culture,2020-11-12,59,STAYC,13KR2yNRDrbKwR3dOKCDl4,01XYiBYaoMJcNhPokrg0l0,2079770,63,k-pop,High Up Entertainment,0,F,0,,0,1724,1
177,Teddy Bear,STAYC,189773,Teddy Bear,2023-02-14,57,STAYC,4kSDi21MeOoSvpZs6MveI9,01XYiBYaoMJcNhPokrg0l0,2079770,63,k-pop,High Up Entertainment,0,F,0,,0,900,1
178,Bubble,STAYC,179275,TEENFRESH,2023-08-16,57,STAYC,4P5ozkI1bxiGxA5rZ27jlO,01XYiBYaoMJcNhPokrg0l0,2079770,63,k-pop,High Up Entertainment,0,F,0,,0,717,1
179,BEAUTIFUL MONSTER,STAYC,180000,WE NEED LOVE,2022-07-19,55,STAYC,56s2s5e8WuBsWVKnmz6J9L,01XYiBYaoMJcNhPokrg0l0,2079770,63,k-pop,High Up Entertainment,0,F,0,,0,1110,1
180,HOT SAUCE,BABYMONSTER,147807,HOT SAUCE,2025-07-01,80,BABYMONSTER,3AjfuVk6olyesS7cVfofBE,1SIocsqdEefUTE6XKGUiVS,5154717,77,k-pop,YG Entertainment,1,F,1,2EoheVFjqIxgJMb8VnDRtZ,1,32,1
181,DRIP,BABYMONSTER,180845,DRIP,2024-11-01,79,BABYMONSTER,198zDKzyktXRG1PGpidY9h,1SIocsqdEefUTE6XKGUiVS,5154717,77,k-pop,YG Entertainment,1,F,0,,0,274,1
182,SHEESH,BABYMONSTER,170356,BABYMONS7ER,2024-04-01,79,BABYMONSTER,1njlnn8ZKHI77Pe9szIONR,1SIocsqdEefUTE6XKGUiVS,5154717,77,k-pop,YG Entertainment,1,F,0,,0,488,1
183,FOREVER,BABYMONSTER,212734,DRIP,2024-11-01,72,BABYMONSTER,6b6KXDbDn0s0Jepxm8a3nr,1SIocsqdEefUTE6XKGUiVS,5154717,77,k-pop,YG Entertainment,1,F,0,,0,274,1
184,LIKE THAT,BABYMONSTER,168358,BABYMONS7ER,2024-04-01,75,BABYMONSTER,7GDgpad2BQVuDUzaxHFakc,1SIocsqdEefUTE6XKGUiVS,5154717,77,k-pop,YG Entertainment,1,F,0,,0,488,1
185,BATTER UP,BABYMONSTER,188179,BATTER UP,2023-11-27,74,BABYMONSTER,3VBj0lzjmhTzVFPEDOjNCG,1SIocsqdEefUTE6XKGUiVS,5154717,77,k-pop,YG Entertainment,1,F,1,5EPJPyctDDc1omacvILCsu,1,614,1
186,BILLIONAIRE,BABYMONSTER,157179,DRIP,2024-11-01,73,BABYMONSTER,0QICKhP44TRnb4EurQ3tN9,1SIocsqdEefUTE6XKGUiVS,5154717,77,k-pop,YG Entertainment,1,F,0,,0,274,1
187,CLIK CLAK,BABYMONSTER,169073,DRIP,2024-11-01,71,BABYMONSTER,0Rq9lIn9fl4wiW9Tg72ifr,1SIocsqdEefUTE6XKGUiVS,5154717,77,k-pop,YG Entertainment,1,F,0,,0,274,1
188,Really Like You,BABYMONSTER,197657,DRIP,2024-11-01,69,BABYMONSTER,3entdIWiOuQfcXIkJEABsV,1SIocsqdEefUTE6XKGUiVS,5154717,77,k-pop,YG Entertainment,1,F,0,,0,274,1
189,Ghost,BABYMONSTER,182104,Ghost,2025-05-07,68,BABYMONSTER,37qlRGMmN1tStZS0elymXg,1SIocsqdEefUTE6XKGUiVS,5154717,77,k-pop,YG Entertainment,1,F,0,,0,87,1
190,I Feel Good,BOYNEXTDOOR,155026,No Genre,2025-05-13,72,BOYNEXTDOOR,1klePVubVctBqhlKJvibil,4hnHLgMSOiqERWBL4jINP1,1635859,72,k-pop,KOZ Entertainment,1,M,0,,0,81,0
191,"IF I SAY, I LOVE YOU",BOYNEXTDOOR,161693,No Genre,2025-05-13,65,BOYNEXTDOOR,7GOIrZTegzVty8mhNhRuA0,4hnHLgMSOiqERWBL4jINP1,1635859,72,k-pop,KOZ Entertainment,1,M,0,,0,81,0
192,123-78,BOYNEXTDOOR,160333,No Genre,2025-05-13,71,BOYNEXTDOOR,4XLfRpryO7Qn0SXp1ARIfj,4hnHLgMSOiqERWBL4jINP1,1635859,72,k-pop,KOZ Entertainment,1,M,0,,0,81,0
193,"Earth, Wind & Fire",BOYNEXTDOOR,179040,HOW?,2024-04-15,70,BOYNEXTDOOR,0Tq7v8YAmwdnAYBwyR1pZ4,4hnHLgMSOiqERWBL4jINP1,1635859,72,k-pop,KOZ Entertainment,1,M,0,,0,474,0
194,Dangerous,BOYNEXTDOOR,143773,19.99,2024-09-09,66,BOYNEXTDOOR,0OaHZgVm77zLQNR3kwFf6n,4hnHLgMSOiqERWBL4jINP1,1635859,72,k-pop,KOZ Entertainment,1,M,0,,0,327,0
195,Nice Guy,BOYNEXTDOOR,164920,19.99,2024-09-09,67,BOYNEXTDOOR,6pqyZNnLKyJKtrlf42FQoq,4hnHLgMSOiqERWBL4jINP1,1635859,72,k-pop,KOZ Entertainment,1,M,0,,0,327,0
196,Serenade,BOYNEXTDOOR,183560,WHO!,2023-05-30,66,BOYNEXTDOOR,0mJohf6KCgFeCWbMBAS8RL,4hnHLgMSOiqERWBL4jINP1,1635859,72,k-pop,KOZ Entertainment,1,M,0,,0,795,0
197,One and Only,BOYNEXTDOOR,167986,WHO!,2023-05-30,66,BOYNEXTDOOR,7twsZBhfSJFeaDp2rFHP1d,4hnHLgMSOiqERWBL4jINP1,1635859,72,k-pop,KOZ Entertainment,1,M,0,,0,795,0
198,But Sometimes,BOYNEXTDOOR,175106,WHY..,2023-09-04,66,BOYNEXTDOOR,5TNMJ6Csb2NgSohuz76XJT,4hnHLgMSOiqERWBL4jINP1,1635859,72,k-pop,KOZ Entertainment,1,M,0,,0,698,0
199,But I Like You,BOYNEXTDOOR,137400,WHO!,2023-05-30,65,BOYNEXTDOOR,3cJgwAm8FRkgjRIGatdRct,4hnHLgMSOiqERWBL4jINP1,1635859,72,k-pop,KOZ Entertainment,1,M,0,,0,795,0
200,TRICKY HOUSE,xikers,184769,HOUSE OF TRICKY : Doorbell Ringing,2023-03-30,56,xikers,2MeEPaL5HsW9njvrtP0Agj,6QHP8St0MzfNDqjKpwtMht,465220,53,"noise music, k-pop, k-rock",KQ Entertainment,0,M,0,,0,856,0
201,BREATHE,xikers,183080,HOUSE OF TRICKY : SPUR,2025-04-04,56,xikers,2P5bbp7BeVtrECPJaN8AFO,6QHP8St0MzfNDqjKpwtMht,465220,53,"noise music, k-pop, k-rock",KQ Entertainment,0,M,0,,0,120,0
202,Up All Night,xikers,215667,Up All Night,2025-07-13,48,xikers,2652PzGxxU8jzARLLubmjD,6QHP8St0MzfNDqjKpwtMht,465220,53,"noise music, k-pop, k-rock",KQ Entertainment,0,M,0,,0,20,0
203,Red Sun,xikers,204724,HOUSE OF TRICKY : Trial And Error,2024-03-08,47,xikers,3z3eX1eG1Gj0YFDhYPkTrl,6QHP8St0MzfNDqjKpwtMht,465220,53,"noise music, k-pop, k-rock",KQ Entertainment,0,M,0,,0,512,0
204,WITCH,xikers,195520,HOUSE OF TRICKY : WATCH OUT,2024-09-06,46,xikers,336bNqFkCC2owApr6l7osT,6QHP8St0MzfNDqjKpwtMht,465220,53,"noise music, k-pop, k-rock",KQ Entertainment,0,M,0,,0,330,0
205,ROCKSTAR,xikers,193223,HOUSE OF TRICKY : Doorbell Ringing,2023-03-30,46,xikers,34St2IIfAjXcb18wVUYd3x,6QHP8St0MzfNDqjKpwtMht,465220,53,"noise music, k-pop, k-rock",KQ Entertainment,0,M,0,,0,856,0
206,You Hide We Seek,xikers,200360,HOUSE OF TRICKY : SPUR,2025-04-04,45,xikers,6djhkFwzJAF1gHxohYooDf,6QHP8St0MzfNDqjKpwtMht,465220,53,"noise music, k-pop, k-rock",KQ Entertainment,0,M,0,,0,120,0
207,DO or DIE,xikers,210811,HOUSE OF TRICKY : HOW TO PLAY,2023-08-02,45,xikers,6brb7SXjhqHOxsj0jkyQVH,6QHP8St0MzfNDqjKpwtMht,465220,53,"noise music, k-pop, k-rock",KQ Entertainment,0,M,0,,0,731,0
208,XIKEY,xikers,208618,HOUSE OF TRICKY : Doorbell Ringing,2023-03-30,44,xikers,4cSe8fDRrmCnYmuG7KvQVe,6QHP8St0MzfNDqjKpwtMht,465220,53,"noise music, k-pop, k-rock",KQ Entertainment,0,M,0,,0,856,0
209,We Don’t Stop,xikers,189441,HOUSE OF TRICKY : Trial And Error,2024-03-08,44,xikers,67ZvVtW278IHsAxnzglQt4,6QHP8St0MzfNDqjKpwtMht,465220,53,"noise music, k-pop, k-rock",KQ Entertainment,0,M,0,,0,512,0
210,KNOW ABOUT ME,NMIXX,165773,Fe3O4: FORWARD,2025-03-17,69,NMIXX,5yfhzEct1ulyU6g5oVRraj,28ot3wh4oNmoFOdVajibBl,3769016,67,k-pop,SQU4D,0,F,0,,0,138,1
211,Love Me Like This,NMIXX,188718,expérgo,2023-03-20,66,NMIXX,6P3CtlzTKLxcNYGOS3es8m,28ot3wh4oNmoFOdVajibBl,3769016,67,k-pop,SQU4D,0,F,0,,0,866,1
212,DICE,NMIXX,165746,ENTWURF,2022-09-19,65,NMIXX,5aaE27JUylnG7aPtGJPrrC,28ot3wh4oNmoFOdVajibBl,3769016,67,k-pop,SQU4D,0,F,0,,0,1048,1
213,DASH,NMIXX,166979,Fe3O4: BREAK,2024-01-15,64,NMIXX,2RoYgkPzUY0vY7lhUuyus1,28ot3wh4oNmoFOdVajibBl,3769016,67,k-pop,SQU4D,0,F,0,,0,565,1
214,O.O,NMIXX,172936,AD MARE,2022-02-22,63,NMIXX,44zfpg3ndtGESsgpTbWeyE,28ot3wh4oNmoFOdVajibBl,3769016,67,k-pop,SQU4D,0,F,0,,0,1257,1
215,Soñar (Breaker),NMIXX,173053,Fe3O4: BREAK,2024-01-15,57,NMIXX,6UwrPxRaR5HPNLDDl7RcT9,28ot3wh4oNmoFOdVajibBl,3769016,67,k-pop,SQU4D,0,F,0,,0,565,1
216,High Horse,NMIXX,203213,High Horse,2025-03-04,56,NMIXX,2YUUYGB1kMtXKTQ6ajAjTA,28ot3wh4oNmoFOdVajibBl,3769016,67,k-pop,SQU4D,0,F,0,,0,151,1
217,Roller Coaster,NMIXX,179373,Roller Coaster,2023-07-03,59,NMIXX,1fP8o0lIaSIE5jEeblT8df,28ot3wh4oNmoFOdVajibBl,3769016,67,k-pop,SQU4D,0,F,0,,0,761,1
218,See that?,NMIXX,182795,Fe3O4: STICK OUT,2024-08-19,59,NMIXX,3Zice5cXhiPVLwrdBJlyHc,28ot3wh4oNmoFOdVajibBl,3769016,67,k-pop,SQU4D,0,F,0,,0,348,1
219,Papillon,NMIXX,158040,Fe3O4: FORWARD,2025-03-17,59,NMIXX,5hcfx0GaIpU5cLiiN2l8mX,28ot3wh4oNmoFOdVajibBl,3769016,67,k-pop,SQU4D,0,F,0,,0,138,1
220,WA DA DA,Kep1er,183693,FIRST IMPACT,2022-01-03,58,Kep1er,4gdiCHNbwugojBqr5Jt3pq,5R7AMwDeroq6Ls0COQYpS4,1722118,56,k-pop,WakeOne Entertainment,0,F,0,,0,1307,1
221,Shooting Star,Kep1er,183400,Kep1going On,2024-06-03,54,Kep1er,0k2JbfyqtVhiLqGgNuwQGX,5R7AMwDeroq6Ls0COQYpS4,1722118,56,k-pop,WakeOne Entertainment,0,F,0,,0,425,1
222,Yum,Kep1er,149680,Yum,2025-04-09,55,Kep1er,6KsXEZEbBcH16U31sIyofB,5R7AMwDeroq6Ls0COQYpS4,1722118,56,k-pop,WakeOne Entertainment,0,F,0,,0,115,1
223,Up!,Kep1er,192026,DOUBLAST,2022-06-20,53,Kep1er,3XZAvh2NCDQYHgJei35VQ1,5R7AMwDeroq6Ls0COQYpS4,1722118,56,k-pop,WakeOne Entertainment,0,F,0,,0,1139,1
224,TIPI-TAP,Kep1er,172670,TIPI-TAP,2024-11-01,51,Kep1er,0SCHvh0ZqVd2Wcq2l4kzai,5R7AMwDeroq6Ls0COQYpS4,1722118,56,k-pop,WakeOne Entertainment,0,F,0,,0,274,1
225,Back to the City,Kep1er,200000,LOVESTRUCK!,2023-04-10,47,Kep1er,2Zx7YnpyTsQvjAf9elDsgX,5R7AMwDeroq6Ls0COQYpS4,1722118,56,k-pop,WakeOne Entertainment,0,F,0,,0,845,1
226,Giddy,Kep1er,184240,LOVESTRUCK!,2023-04-10,47,Kep1er,6blIAzkMKENKqAfMwj5cZQ,5R7AMwDeroq6Ls0COQYpS4,1722118,56,k-pop,WakeOne Entertainment,0,F,0,,0,845,1
227,Galileo,Kep1er,188253,Magic Hour,2023-09-25,45,Kep1er,2nehY8ewjt4clnD40SclwM,5R7AMwDeroq6Ls0COQYpS4,1722118,56,k-pop,WakeOne Entertainment,0,F,0,,0,677,1
228,MVSK,Kep1er,190706,FIRST IMPACT,2022-01-03,44,Kep1er,0dTEMO9G2uu9Vbu3f8Swto,5R7AMwDeroq6Ls0COQYpS4,1722118,56,k-pop,WakeOne Entertainment,0,F,0,,0,1307,1
229,THE GIRLS (Can’t turn me down) (Remastered),Kep1er,237960,TROUBLESHOOTER,2022-10-13,36,Kep1er,4J4OBQ69Fx4ST0doz48FE4,5R7AMwDeroq6Ls0COQYpS4,1722118,56,k-pop,WakeOne Entertainment,0,F,0,,0,1024,1
230,SET NET G0?!,CRAVITY,165013,Dare to Crave,2025-06-23,52,CRAVITY,1RsaPPE4HELB8slPTI9SO8,6FkhUhUwSPl3mGB6mmE8wn,721990,51,"k-pop, noise music",Starship Entertainment,0,M,0,,0,40,0
231,Love or Die,CRAVITY,167386,EVERSHINE,2024-02-26,47,CRAVITY,4mNYuIZVcHy6TUBoaCnGpF,6FkhUhUwSPl3mGB6mmE8wn,721990,51,"k-pop, noise music",Starship Entertainment,0,M,0,,0,523,0
232,On My Way,CRAVITY,174000,Dare to Crave,2025-06-23,45,CRAVITY,5Yo3J2OYbUIdv8jmNfDe71,6FkhUhUwSPl3mGB6mmE8wn,721990,51,"k-pop, noise music",Starship Entertainment,0,M,0,,0,40,0
233,SWISH,CRAVITY,171026,Dare to Crave,2025-06-23,44,CRAVITY,7aCHlGLOhRfD57Zezyv0ft,6FkhUhUwSPl3mGB6mmE8wn,721990,51,"k-pop, noise music",Starship Entertainment,0,M,0,,0,40,0
234,Underdog,CRAVITY,187026,Dare to Crave,2025-06-23,43,CRAVITY,73GFFYD1exui95W5i31Fnv,6FkhUhUwSPl3mGB6mmE8wn,721990,51,"k-pop, noise music",Starship Entertainment,0,M,0,,0,40,0
235,PARANOIA,CRAVITY,184026,Dare to Crave,2025-06-23,42,CRAVITY,0fjLXX24OIVwrHLjb6xMI2,6FkhUhUwSPl3mGB6mmE8wn,721990,51,"k-pop, noise music",Starship Entertainment,0,M,0,,0,40,0
236,"Marionette (Sung by SERIM, MINHEE, TAEYOUNG)",CRAVITY,177026,Dare to Crave,2025-06-23,42,CRAVITY,7is1utGEhAVQGYHDpztjs3,6FkhUhUwSPl3mGB6mmE8wn,721990,51,"k-pop, noise music",Starship Entertainment,0,M,0,,0,40,0
237,Rendez-vous,CRAVITY,198000,Dare to Crave,2025-06-23,42,CRAVITY,0rLXZKGpfWBHPqYizd8V6E,6FkhUhUwSPl3mGB6mmE8wn,721990,51,"k-pop, noise music",Starship Entertainment,0,M,0,,0,40,0
238,"Straight Up To Heaven (Sung by JUNGMO, WOOBIN, SEONGMIN)",CRAVITY,145026,Dare to Crave,2025-06-23,42,CRAVITY,7duhES1GVcVa0qvktJhQos,6FkhUhUwSPl3mGB6mmE8wn,721990,51,"k-pop, noise music",Starship Entertainment,0,M,0,,0,40,0
239,Love Me Again,CRAVITY,192026,Dare to Crave,2025-06-23,42,CRAVITY,7kjk0ntJOUPKaLR1iyQwu3,6FkhUhUwSPl3mGB6mmE8wn,721990,51,"k-pop, noise music",Starship Entertainment,0,M,0,,0,40,0
240,GingaMingaYo (the strange world),Billlie,215800,the collective soul and unconscious: chapter one,2022-02-23,53,Billlie,53Wa5dwbGUT8Jcg08FYfV5,2GQxKDojobwBjZMPf7aoh0,666856,48,k-pop,Mystic Story,0,F,0,,0,1256,1
241,BYOB (bring your own best friend),Billlie,158068,side-B : memoirs of echo unseen,2023-10-23,51,Billlie,1XC46heLGYz83ResGphueE,2GQxKDojobwBjZMPf7aoh0,666856,48,k-pop,Mystic Story,0,F,0,,0,649,1
242,EUNOIA,Billlie,203107,the Billage of perception: chapter three,2023-03-28,48,Billlie,0a56sRmdBxCON2nkEgjDqC,2GQxKDojobwBjZMPf7aoh0,666856,48,k-pop,Mystic Story,0,F,0,,0,858,1
243,trampoline,Billlie,202969,trampoline,2024-10-11,42,Billlie,3Om8AyxxhSpTAHQIfmmfpi,2GQxKDojobwBjZMPf7aoh0,666856,48,k-pop,Mystic Story,0,F,0,,0,295,1
244,RING X RING,Billlie,200933,the Billage of perception : chapter one,2021-11-10,43,Billlie,4J4n4e8gwvzsHQ6DEqnwCV,2GQxKDojobwBjZMPf7aoh0,666856,48,k-pop,Mystic Story,0,F,0,,0,1361,1
245,RING ma Bell (what a wonderful world),Billlie,206717,the Billage of perception: chapter two,2022-08-31,42,Billlie,6hcSUO1ulqk5bCuJachSIY,2GQxKDojobwBjZMPf7aoh0,666856,48,k-pop,Mystic Story,0,F,0,,0,1067,1
246,nevertheless,Billlie,205934,the Billage of perception: chapter three,2023-03-28,40,Billlie,0fcOEJWXkYbgUBpaZW4snF,2GQxKDojobwBjZMPf7aoh0,666856,48,k-pop,Mystic Story,0,F,0,,0,858,1
247,remembrance candy,Billlie,184038,Of All We Have Lost,2024-10-16,40,Billlie,1WV46UVrf9vLj9rpl6Ebf1,2GQxKDojobwBjZMPf7aoh0,666856,48,k-pop,Mystic Story,0,F,0,,0,290,1
248,B’rave ~ a song for Matilda,Billlie,217206,the Billage of perception: chapter two,2022-08-31,39,Billlie,033B2EdzgTJuj5H2U09isr,2GQxKDojobwBjZMPf7aoh0,666856,48,k-pop,Mystic Story,0,F,0,,0,1067,1
249,flipp!ng a coin,Billlie,195053,the Billage of perception : chapter one,2021-11-10,38,Billlie,0jMpPkXZHfsIFQ6cOK4zEe,2GQxKDojobwBjZMPf7aoh0,666856,48,k-pop,Mystic Story,0,F,0,,0,1361,1
250,Summer Was You,H1-KEY,192040,H1-KEY 4th Mini Album [Lovestruck],2025-06-26,59,H1-KEY,7fiSE0NQwgJPj5QHhln8L1,5GwQwY63I9hrUUFlQB8FYU,159029,48,k-pop,Grandline Group,0,F,0,,0,37,1
251,Rose Blossom,H1-KEY,195480,H1-KEY 1st Mini Album [Rose Blossom],2023-01-05,51,H1-KEY,29j6SXQOmfSbiemMriO25W,5GwQwY63I9hrUUFlQB8FYU,159029,48,k-pop,Grandline Group,0,F,0,,0,940,1
252,Thinkin' About You,H1-KEY,187226,H1-KEYnote #1 [Thinkin' About You],2024-01-19,40,H1-KEY,3GF5L6dW04zWSP9SYAtp5L,5GwQwY63I9hrUUFlQB8FYU,159029,48,k-pop,Grandline Group,0,F,0,,0,561,1
253,Good for U,H1-KEY,174040,H1-KEY 4th Mini Album [Lovestruck],2025-06-26,45,H1-KEY,0bOgz1Srpp0qCSWAdNrOYV,5GwQwY63I9hrUUFlQB8FYU,159029,48,k-pop,Grandline Group,0,F,0,,0,37,1
254,Let It Burn,H1-KEY,181693,H1-KEY 3rd Mini Album [LOVE or HATE],2024-06-19,44,H1-KEY,61ErurYjc1oFru6WZgic8X,5GwQwY63I9hrUUFlQB8FYU,159029,48,k-pop,Grandline Group,0,F,0,,0,409,1
255,Let Me Be Your Sea,H1-KEY,188000,H1-KEY 4th Mini Album [Lovestruck],2025-06-26,42,H1-KEY,5ovEBpKRTo7HpWXNNzBJda,5GwQwY63I9hrUUFlQB8FYU,159029,48,k-pop,Grandline Group,0,F,0,,0,37,1
256,"One, Two, Three, Four",H1-KEY,154386,H1-KEY 4th Mini Album [Lovestruck],2025-06-26,40,H1-KEY,7gAQID8Ub3J2weIuQColHi,5GwQwY63I9hrUUFlQB8FYU,159029,48,k-pop,Grandline Group,0,F,0,,0,37,1
257,SEOUL (Such a Beautiful City),H1-KEY,189693,H1-KEY 2nd Mini Album [Seoul Dreaming],2023-08-30,39,H1-KEY,0SRAuCAtprYCuoks38G5GU,5GwQwY63I9hrUUFlQB8FYU,159029,48,k-pop,Grandline Group,0,F,0,,0,703,1
258,Time to Shine,H1-KEY,198906,H1-KEY 2nd Mini Album [Seoul Dreaming],2023-08-30,33,H1-KEY,0HVQq7NPFNvnTSQA61U4fl,5GwQwY63I9hrUUFlQB8FYU,159029,48,k-pop,Grandline Group,0,F,0,,0,703,1
259,ATHLETIC GIRL,H1-KEY,212613,ATHLETIC GIRL,2022-01-05,35,H1-KEY,0qu54GVbhmBFjpsgiG32PL,5GwQwY63I9hrUUFlQB8FYU,159029,48,k-pop,Grandline Group,0,F,0,,0,1305,1
260,Fly Up,RIIZE,178175,ODYSSEY - The 1st Album,2025-05-19,58,RIIZE,4rRDmXBKB2X2Jnb8yLzAKZ,2jOm3cYujQx6o1dxuiuqaX,1329740,69,k-pop,SM Entertainment,1,M,0,,0,75,0
261,Get A Guitar,RIIZE,160371,Get A Guitar,2023-09-04,60,RIIZE,3Dah48XTdzVtbIl4dUn6l4,2jOm3cYujQx6o1dxuiuqaX,1329740,69,k-pop,SM Entertainment,1,M,0,,0,698,0
262,Boom Boom Bass,RIIZE,152889,RIIZING - The 1st Mini Album,2024-06-17,60,RIIZE,2J194R0KIKbK7bTHfUHPDB,2jOm3cYujQx6o1dxuiuqaX,1329740,69,k-pop,SM Entertainment,1,M,0,,0,411,0
263,Memories,RIIZE,178013,Memories,2023-08-21,55,RIIZE,11s5p72subU7SHJPzyR2Lq,2jOm3cYujQx6o1dxuiuqaX,1329740,69,k-pop,SM Entertainment,1,M,0,,0,712,0
264,Love 119,RIIZE,173489,RIIZING - The 1st Mini Album,2024-06-17,55,RIIZE,0QlNUEvJTe2QtXprDcfaOA,2jOm3cYujQx6o1dxuiuqaX,1329740,69,k-pop,SM Entertainment,1,M,0,,0,411,0
265,Bag Bad Back,RIIZE,192835,ODYSSEY - The 1st Album,2025-05-19,57,RIIZE,6fmhKXTt98FlguELVyqVOf,2jOm3cYujQx6o1dxuiuqaX,1329740,69,k-pop,SM Entertainment,1,M,0,,0,75,0
266,Impossible,RIIZE,182332,RIIZING - The 1st Mini Album,2024-06-17,54,RIIZE,1JTmrZwZhaP1yYJtuzfvJ9,2jOm3cYujQx6o1dxuiuqaX,1329740,69,k-pop,SM Entertainment,1,M,0,,0,411,0
267,Talk Saxy,RIIZE,190941,RIIZING - The 1st Mini Album,2024-06-17,51,RIIZE,4Ly8KdojCH1dQAn47eiui6,2jOm3cYujQx6o1dxuiuqaX,1329740,69,k-pop,SM Entertainment,1,M,0,,0,411,0
268,Odyssey,RIIZE,152267,ODYSSEY - The 1st Album,2025-05-19,54,RIIZE,20JYmd4p72UjSiF3DLAHXA,2jOm3cYujQx6o1dxuiuqaX,1329740,69,k-pop,SM Entertainment,1,M,0,,0,75,0
269,Ember to Solar,RIIZE,200547,ODYSSEY - The 1st Album,2025-05-19,53,RIIZE,3v2tiYwjQ7ld3O9kQAoVsE,2jOm3cYujQx6o1dxuiuqaX,1329740,69,k-pop,SM Entertainment,1,M,0,,0,75,0
